Rank,Title,Year,Country,Gener,Rating
1,肖申克的救赎,1994??,??美国??,??犯罪,9.7
2,霸王别姬,1993??,??中国大陆,??剧情,9.6
3,泰坦尼克号,1997??,??美国??,??剧情,9.5
4,阿甘正传,1994??,??美国??,??剧情,9.5
5,千与千寻,2001??,??日本??,??剧情,9.4
6,星际穿越,2014??,??美国,??剧情,9.4
7,美丽人生,1997??,??意大利??,??剧情,9.5
8,这个杀手不太冷,1994??,??法国,??剧情,9.4
9,盗梦空间,2010??,??美国,??剧情,9.4
10,楚门的世界,1998??,??美国??,??剧情,9.4
11,辛德勒的名单,1993??,??美国??,??剧情,9.5
12,忠犬八公的故事,2009??,??美国,"??剧情",9.4
13,海上钢琴师,1998??,??意大利??,??剧情,9.3
14,疯狂动物城,2016??,??美国??,??喜剧,9.3
15,三傻大闹宝莱坞,2009??,??印度??,??剧情,9.2
16,机器人总动员,2008??,??美国??,??科幻,9.3
17,放牛班的春天,2004??,??法国,??剧情,9.3
18,无间道,2002??,??中国香港??,??剧情,9.3
19,控方证人,1957??,??美国??,??剧情,9.6
20,寻梦环游记,2017??,??美国??,??喜剧,9.1
21,大话西游之大圣娶亲,1995??,??中国香港,??喜剧,9.2
22,熔炉,2011??,??韩国??,"??剧情",9.3
23,触不可及,2011??,??法国??,??剧情,9.3
24,教父,1972??,??美国??,??剧情,9.3
25,哈利·波特与魔法石,2001??,??美国,??奇幻,9.2
26,末代皇帝,1987??,??英国,??剧情,9.3
27,当幸福来敲门,2006??,??美国??,??剧情,9.1
28,龙猫,1988??,??日本??,??动画,9.2
29,活着,1994??,??中国大陆,??剧情,9.3
30,怦然心动,2010??,??美国??,??剧情,9.1
31,蝙蝠侠：黑暗骑士,2008??,??美国,??剧情,9.2
32,指环王3：王者无敌,2003??,??美国,??剧情,9.3
33,我不是药神,2018??,??中国大陆??,??剧情,9
34,乱世佳人,1939??,??美国??,??剧情,9.3
35,让子弹飞,2010??,??中国大陆,??剧情,9
36,飞屋环游记,2009??,??美国??,??剧情,9.1
37,哈尔的移动城堡,2004??,??日本??,??爱情,9.1
38,十二怒汉,1957??,??美国??,"??剧情",9.4
39,海蒂和爷爷,2015??,??德国,??剧情,9.3
40,素媛,2013??,??韩国??,"??剧情",9.3
41,猫鼠游戏,2002??,??美国,??传记,9.1
42,天空之城,1986??,??日本??,??动画,9.2
43,鬼子来了,2000??,??中国大陆??,??剧情,9.3
44,摔跤吧！爸爸,2016??,??印度??,??剧情,9
45,少年派的奇幻漂流,2012??,??美国,??剧情,9.1
46,死亡诗社,1989??,??美国??,"??剧情",9.2
47,钢琴家,2002??,??英国,??剧情,9.3
48,指环王2：双塔奇兵,2002??,??美国,??剧情,9.2
49,大话西游之月光宝盒,1995??,??中国香港,??喜剧,9
50,绿皮书,2018??,??美国,??剧情,8.9
51,何以为家,2018??,??黎巴嫩,"??剧情",9.1
52,闻香识女人,1992??,??美国??,"??剧情",9.1
53,大闹天宫,1961(中国大陆) ,,,9.4
54,黑客帝国,??中国大陆??,??中国大陆??,??中国大陆??,9.1
55,指环王1：护戒使者,"??剧情 动画 奇幻 古装",??剧情,??剧情,9.1
56,罗马假日,1999??,??美国??,??动作,9.1
57,教父2,2001??,??新西兰,??剧情,9.3
58,狮子王,1953??,??美国??,??喜剧,9.1
59,天堂电影院,1974??,??美国??,??剧情,9.2
60,饮食男女,1994??,??美国??,??动画,9.2
61,辩护人,1988??,??意大利,??剧情,9.2
62,本杰明·巴顿奇事,1994??,??中国台湾,??剧情,9
63,搏击俱乐部,2013??,??韩国??,"??剧情",9
64,美丽心灵,2008??,??美国??,??剧情,9.1
65,穿条纹睡衣的男孩,1999??,??美国??,??剧情,9.2
66,哈利·波特与死亡圣器(下),2001??,??美国??,??传记,9
67,功夫,2008??,??英国,??剧情,8.9
68,两杆大烟枪,2011??,??美国,??奇幻,9.1
69,情书,2004??,??中国大陆,??动作,8.9
70,音乐之声,1998??,??英国??,??剧情,9.1
71,窃听风暴,1995??,??日本??,??剧情,9.2
72,哈利·波特与阿兹卡班的囚徒,1965??,??美国??,??剧情,9
73,阿凡达,2006??,??德国??,??剧情,8.8
74,西西里的美丽传说,2004??,??英国,??奇幻,8.9
75,看不见的客人,2009??,??美国??,??动作,8.8
76,拯救大兵瑞恩,2000??,??意大利,??剧情,9.1
77,沉默的羔羊,2016??,??西班牙??,??剧情,8.9
78,小鞋子,1998??,??美国??,??剧情,9.2
79,还有明天,1991??,??美国??,??剧情,9.3
80,蝴蝶效应,1997??,??伊朗??,??剧情,8.9
81,布达佩斯大饭店,2023??,??意大利??,??剧情,8.9
82,飞越疯人院,2004??,??美国,??剧情,9.1
83,禁闭岛,2014??,??美国,??剧情,8.9
84,心灵捕手,1975??,??美国??,"??剧情",9
85,致命魔术,2010??,??美国??,??剧情,8.9
86,低俗小说,1997??,??美国??,"??剧情",8.9
87,哈利·波特与密室,2006??,??英国,??剧情,8.9
88,一一,1994??,??美国??,??剧情,9.1
89,超脱,2002??,??英国,??奇幻,9
90,喜剧之王,2000??,??中国台湾,??剧情,8.8
91,致命ID,2011??,??美国??,"??剧情",8.9
92,杀人回忆,1999??,??中国香港??,??喜剧,8.9
93,摩登时代,2003??,??美国??,??剧情,9.3
94,加勒比海盗,2003??,??韩国??,??剧情,8.9
95,春光乍泄,1936??,??美国??,??剧情,9
96,海豚湾,2003??,??美国??,??动作,9.3
97,美国往事,1997??,??中国香港,??剧情,9.1
98,七宗罪,2009??,??美国??,"??纪录片",8.8
99,红辣椒,1984??,??美国,??犯罪,9
100,唐伯虎点秋香,1995??,??美国??,??剧情,8.8
101,狩猎,2006??,??日本??,??动画,9.1
102,寄生虫,1993??,??中国香港??,??喜剧,8.8
103,幽灵公主,2012??,??丹麦,"??剧情",8.9
104,甜蜜蜜,2019??,??韩国??,"??剧情",8.9
105,蝙蝠侠：黑暗骑士崛起,1997??,??日本??,??动画,8.9
106,天书奇谭,1996??,??中国香港??,??剧情,9.2
107,超能陆战队,2012??,??美国,??剧情,8.8
108,茶馆,1983(中国大陆) ,,??中国大陆??,9.5
109,第六感,"??动画 奇幻",??动画,??动画,8.9
110,7号房的礼物,2014??,??美国??,??喜剧,8.9
111,爱在日落黄昏时,1982(中国大陆)??,??中国大陆??,??剧情,8.9
112,爱在黎明破晓前,1999??,??美国??,??剧情,8.8
113,头脑特工队,2013??,??韩国??,??剧情,8.9
114,哈利·波特与火焰杯,2004??,??美国,??剧情,8.8
115,未麻的部屋,1995??,??美国,??剧情,9.1
116,被嫌弃的松子的一生,2015??,??美国??,??喜剧,8.8
117,重庆森林,2005??,??英国,??悬疑,8.8
118,借东西的小人阿莉埃蒂,1997??,??日本??,??剧情,8.9
119,菊次郎的夏天,2006??,??日本??,??剧情,8.9
120,入殓师,1994??,??中国香港??,??剧情,8.9
121,断背山,2010??,??日本??,??动画,8.8
122,剪刀手爱德华,1999??,??日本??,??剧情,8.7
123,勇敢的心,2008??,??日本??,"??剧情",8.9
124,时空恋旅人,2005??,??美国,??剧情,8.8
125,玩具总动员3,1990??,??美国??,??剧情,8.9
126,傲慢与偏见,1995??,??美国??,??动作,8.7
127,驯龙高手,2013??,??英国,??喜剧,8.8
128,新世界,2010??,??美国??,??喜剧,8.9
129,消失的爱人,2005??,??法国,??剧情,8.7
130,无人知晓,2010??,??美国??,??动画,9.1
131,倩女幽魂,2013??,??韩国??,??剧情,8.8
132,花样年华,2014??,??美国??,??剧情,8.8
133,色，戒,2004??,??日本??,"??剧情",8.7
134,一个叫欧维的男人决定去死,1987??,??中国香港??,??爱情,8.9
135,怪兽电力公司,2000??,??中国香港??,??剧情,8.8
136,完美的世界,2007??,??中国台湾,??剧情,9.1
137,教父3,2015??,??瑞典??,"??剧情",9
138,九品芝麻官,2001??,??美国??,??儿童,8.8
139,小森林 夏秋篇,1993??,??美国??,??剧情,9
140,天使爱美丽,1990??,??美国??,??剧情,8.7
141,阳光灿烂的日子,1994??,??中国香港??,??剧情,8.8
142,哪吒闹海,2014??,??日本??,"??剧情",9.2
143,被解救的姜戈,2001??,??法国,??剧情,8.8
144,侧耳倾听,1994??,??中国大陆,??剧情,8.9
145,幸福终点站,1979??,??中国大陆??,??冒险,8.8
146,请以你的名字呼唤我,2012??,??美国??,??剧情,8.8
147,釜山行,1995??,??日本??,??剧情,8.6
148,神偷奶爸,2004??,??美国??,??喜剧,8.7
149,小森林 冬春篇,2017??,??意大利,??剧情,9
150,喜宴,2016??,??韩国??,??动作,9
151,萤火之森,2010??,??美国,??喜剧,8.8
152,告白,2015??,??日本??,"??剧情",8.8
153,机器人之梦,1993??,??中国台湾,??剧情,9.1
154,七武士,2011??,??日本??,??剧情,9.3
155,头号玩家,2010??,??日本??,??剧情,8.6
156,玛丽和麦克斯,2023??,??西班牙,??剧情,9
157,模仿游戏,1954??,??日本??,??动作,8.8
158,惊魂记,2018??,??美国??,??动作,9
159,心灵奇旅,2009??,??澳大利亚,??剧情,8.7
160,大鱼,2014??,??英国,??剧情,8.8
161,背靠背，脸对脸,1960??,??美国??,??悬疑,9.4
162,你的名字。,2020??,??美国??,??动画,8.5
163,血战钢锯岭,2003??,??美国??,??剧情,8.7
164,射雕英雄传之东成西就,1994??,??中国大陆,"??剧情",8.7
165,高山下的花环,2016??,??日本??,??剧情,9.5
166,末路狂花,2016??,??澳大利亚,??剧情,9
167,我是山姆,1993??,??中国香港??,??喜剧,9
168,阳光姐妹淘,1984(中国大陆) ,,??中国大陆??,8.8
169,黑客帝国3：矩阵革命,"??剧情 战争",??剧情,??剧情,8.8
170,恐怖直播,1991??,??美国,??剧情,8.7
171,谍影重重3,2001??,??美国??,??剧情,8.9
172,小丑,2011??,??韩国??,??剧情,8.7
173,无间道2,2003??,??美国??,??动作,8.8
174,三块广告牌,2013??,??韩国??,??剧情,8.7
175,电锯惊魂,2007??,??美国,??动作,8.7
176,达拉斯买家俱乐部,2019??,??美国,??剧情,8.8
177,疯狂原始人,2003??,??中国香港??,??剧情,8.7
178,疯狂的石头,2017??,??英国,??剧情,8.6
179,绿里奇迹,2004??,??美国??,??悬疑,8.9
180,雨中曲,2013??,??美国??,??剧情,9.1
181,爱在午夜降临前,2013??,??美国??,??喜剧,8.8
182,2001太空漫游,2006??,??中国大陆,??喜剧,8.9
183,海街日记,1999??,??美国??,??犯罪,8.8
184,心迷宫,1952??,??美国??,??喜剧,8.7
185,上帝之城,2013??,??美国,??剧情,9
186,风之谷,1968??,??英国,??科幻,8.9
187,记忆碎片,2015??,??日本??,??剧情,8.7
188,英雄本色,2014??,??中国大陆??,??剧情,8.6
189,纵横四海,2002??,??巴西,??犯罪,8.8
190,恐怖游轮,1984??,??日本??,??动画,8.5
191,无敌破坏王,2000??,??美国??,??犯罪,8.7
192,芙蓉镇,1986??,??中国香港??,??剧情,9.3
193,魔女宅急便,1991??,??中国香港??,??剧情,8.8
194,牯岭街少年杀人事件,2009??,??英国,??科幻,8.9
195,小偷家族,2012??,??美国??,??喜剧,8.7
196,东京教父,1987??,??中国大陆??,??剧情,9
197,卢旺达饭店,1989??,??日本??,??动画,8.9
198,冰川时代,1991??,??中国台湾??,??剧情,8.7
199,忠犬八公物语,2018??,??日本??,??剧情,9.2
200,岁月神偷,2003??,??日本??,??剧情,8.7
201,遗愿清单,2004??,??英国,??剧情,8.7
202,白日梦想家,2002??,??美国??,??喜剧,8.6
203,爱乐之城,1987??,??日本??,"??剧情",8.4
204,花束般的恋爱,2010??,??中国香港,??剧情,8.6
205,源代码,2007??,??美国??,??冒险,8.6
206,大佛普拉斯,2013??,??美国,??剧情,8.7
207,荒蛮故事,2016??,??美国??,??剧情,8.7
208,疯狂的麦克斯4：狂暴之路,2021??,??日本??,??剧情,8.7
209,可可西里,2011??,??美国,??科幻,8.9
210,你看起来好像很好吃,2017??,??中国台湾??,??剧情,8.9
211,波西米亚狂想曲,2014??,??阿根廷,??剧情,8.6
212,贫民窟的百万富翁,2015??,??澳大利亚,??动作,8.6
213,大红灯笼高高挂,2004??,??中国大陆,??剧情,8.8
214,城市之光,2010??,??日本??,??剧情,9.3
215,无耻混蛋,2018??,??英国,??剧情,8.7
216,哈利·波特与死亡圣器(上),2008??,??英国??,??剧情,8.6
217,终结者2：审判日,1991??,??中国大陆,"??剧情",8.8
218,爆裂鼓手,1931??,??美国??,??喜剧,8.6
219,青蛇,2009??,??德国,??剧情,8.6
220,东邪西毒,2010??,??英国,??奇幻,8.6
221,黑天鹅,1991??,??美国,??动作,8.6
222,新龙门客栈,2014??,??美国??,??剧情,8.7
223,初恋这件小事,1993??,??中国香港,??剧情,8.5
224,千钧一发,1994??,??中国香港,??剧情,8.8
225,人工智能,2010??,??美国??,??剧情,8.7
226,崖上的波妞,1992??,??中国香港,??动作,8.6
227,彗星来的那一夜,2010??,??泰国??,??剧情,8.6
228,虎口脱险,1997??,??美国??,??剧情,8.9
229,哈利·波特与凤凰社,2001??,??美国??,??剧情,8.6
230,雨人,2008??,??日本??,??动画,8.7
231,海边的曼彻斯特,2013??,??美国,??科幻,8.6
232,罗生门,1966??,??法国,??喜剧,8.8
233,火星救援,2007??,??英国,??奇幻,8.5
234,恋恋笔记本,1988??,??美国??,"??剧情",8.5
235,冰雪奇缘,2016??,??美国??,??剧情,8.5
236,真爱至上,1950??,??日本??,??剧情,8.5
237,黑客帝国2：重装上阵,2015??,??英国,??剧情,8.7
238,蜘蛛侠：平行宇宙,2004??,??美国??,??剧情,8.6
239,步履不停,2013??,??美国??,??喜剧,8.8
240,谍影重重2,2003??,??英国,??喜剧,8.7
241,千年女优,2003??,??美国??,??动作,8.8
242,奇迹男孩,2018??,??美国??,??动作,8.6
243,战争之王,2008??,??日本??,??剧情,8.7
244,攻壳机动队,2004??,??美国,??动作,9
245,血钻,2001??,??日本??,??动画,8.7
246,小姐,2017??,??美国,??剧情,8.6
247,血观音,2005??,??美国,??剧情,8.6
248,隐藏人物,1995??,??日本??,??动作,8.9
249,魂断蓝桥,2006??,??美国,??剧情,8.8
250,谍影重重,2016??,??韩国??,??剧情,8.6
NA,NA,2017??,??中国台湾??,??剧情,NA
NA,NA,2016??,??美国??,??剧情,NA
NA,NA,1940??,??美国??,??剧情,NA
NA,NA,2002??,??美国,??动作,NA
